<?xml version="1.0" encoding="UTF-8" ?>
    <Mission xmlns="http://ProjectMalmo.microsoft.com" xmlns:xsi="http://www.w3.org/2001/XMLSchema-instance">
    
      <About>
        <Summary>Run the maze!</Summary>
      </About>
      
    <ServerSection>
        <ServerInitialConditions>
            <Time>
              <StartTime>6000</StartTime>
              <AllowPassageOfTime>false</AllowPassageOfTime>
            </Time>
            <Weather>clear</Weather>
            <AllowSpawning>false</AllowSpawning>
        </ServerInitialConditions>
        <ServerHandlers>
            <FlatWorldGenerator generatorString="3;7,220*1,5*3,2;3;,biome_1" />
            <MazeDecorator>
                <SizeAndPosition length="20" width="20" xOrigin="0" yOrigin="215" zOrigin="410" height="180"/>
                <GapProbability variance="0.1">0.9</GapProbability>
                <Seed>random</Seed>
                <MaterialSeed>random</MaterialSeed>
                <AllowDiagonalMovement>false</AllowDiagonalMovement>
                <StartBlock fixedToEdge="true" type="emerald_block" height="1"/>
                <EndBlock fixedToEdge="true" type="redstone_block" height="12"/>
                <PathBlock type="glowstone" colour="WHITE ORANGE MAGENTA LIGHT_BLUE YELLOW LIME PINK GRAY SILVER CYAN PURPLE BLUE BROWN GREEN RED BLACK" height="1"/>
                <FloorBlock type="air"/>
                <SubgoalBlock type="beacon"/>
                <GapBlock type="stained_hardened_clay" colour="WHITE ORANGE MAGENTA LIGHT_BLUE YELLOW LIME PINK GRAY SILVER CYAN PURPLE BLUE BROWN GREEN RED BLACK" height="3"/>
            </MazeDecorator>
            <ServerQuitFromTimeUp timeLimitMs="30000"/>
            <ServerQuitWhenAnyAgentFinishes />
        </ServerHandlers>
    </ServerSection>

    <AgentSection>
        <Name>Jason Bourne</Name>
        <AgentStart>
            <Placement x="-203.5" y="81.0" z="217.5"/> <!-- will be overwritten by MazeDecorator -->
        </AgentStart>
        <AgentHandlers>
            <ObservationFromFullStats/>
            <VideoProducer want_depth="false">
                <Width>640</Width>
                <Height>480</Height>
            </VideoProducer>
            <ContinuousMovementCommands turnSpeedDegs="720">
                <ModifierList type="deny-list">
                    <command>attack</command>
                </ModifierList>
            </ContinuousMovementCommands>
            <RewardForMissionEnd rewardForDeath="-10000">
                <Reward description="found_goal" reward="1000" />
                <Reward description="out_of_time" reward="-1000" />
            </RewardForMissionEnd>
            <AgentQuitFromTouchingBlockType>
                <Block type="redstone_block" description="found_goal" />
            </AgentQuitFromTouchingBlockType>
        </AgentHandlers>
    </AgentSection>
  </Mission>
